pmid,pub_year,journal,pub_type_simple_5,specialty,title,abstract
33496428,2021,Academic medicine : journal of the Association of American Medical Colleges,Research Article,Medical Education,Machine Learning: The Next Paradigm Shift in Medical Education.,"Machine learning (ML) algorithms are powerful prediction tools with immense potential in the clinical setting. There are a number of existing clinical tools that use ML, and many more are in development. Physicians are important stakeholders in the health care system, but most are not equipped to make informed decisions regarding deployment and application of ML technologies in patient care. It is of paramount importance that ML concepts are integrated into medical curricula to position physicians to become informed consumers of the emerging tools employing ML. This paradigm shift is similar to the evidence-based medicine (EBM) movement of the 1990s. At that time, EBM was a novel concept; now, EBM is considered an essential component of medical curricula and critical to the provision of high-quality patient care. ML has the potential to have a similar, if not greater, impact on the practice of medicine. As this technology continues its inexorable march forward, educators must continue to evaluate medical curricula to ensure that physicians are trained to be informed stakeholders in the health care of tomorrow."
32646768,2021,Academic radiology,Research Article,Medical Education,The TechnoPhysics Year: Transformation of Diagnostic Radiology's Clinical Year as a Matter of Necessity.,"Given that artificial intelligence and machine learning is now a reality of modern existence, rapidly being applied to medicine, and especially radiology, we submit a new educational perspective. By codifying technology education during the diagnostic radiology internship, we believe it is not only possible but necessary, to reframe the identity of diagnostic radiology. This paper describes the restructuring of the radiology clinical internship, limiting clinical rotations to high-yield essentials, thereby allowing for the introduction of data and technology science, and comprehensive medical physics training. By linking modality-immersion based training with the physics of each technology, we postulate a more thorough understanding and, ultimately, the mastery of current and future technological innovations. Concurrently we advocate for the study of artificial intelligence and machine learning in order to understand how radiologists can apply this technology to help patients on the precision and population health levels. This training would allow interns to spend the majority of their time under the umbrella of a radiology department, in lieu of multiple rotations on an assortment of clinical services. An in-depth technology and physics exam at the end of the internship would be a natural transition to the start of the R1 year, allowing for the application of this newly attained knowledge throughout their residency. Diagnostic radiologists have led medicine into the digital era, and now we should lead the medical community into this transformational era as the ""Data-Driven Physician"" of the 21st century."
34019957,2021,Advanced drug delivery reviews,Review,Medical Informatics / Digital Health,Harnessing artificial intelligence for the next generation of 3D printed medicines.,"Artificial intelligence (AI) is redefining how we exist in the world. In almost every sector of society, AI is performing tasks with super-human speed and intellect; from the prediction of stock market trends to driverless vehicles, diagnosis of disease, and robotic surgery. Despite this growing success, the pharmaceutical field is yet to truly harness AI. Development and manufacture of medicines remains largely in a 'one size fits all' paradigm, in which mass-produced, identical formulations are expected to meet individual patient needs. Recently, 3D printing (3DP) has illuminated a path for on-demand production of fully customisable medicines. Due to its flexibility, pharmaceutical 3DP presents innumerable options during formulation development that generally require expert navigation. Leveraging AI within pharmaceutical 3DP removes the need for human expertise, as optimal process parameters can be accurately predicted by machine learning. AI can also be incorporated into a pharmaceutical 3DP 'Internet of Things', moving the personalised production of medicines into an intelligent, streamlined, and autonomous pipeline. Supportive infrastructure, such as The Cloud and blockchain, will also play a vital role. Crucially, these technologies will expedite the use of pharmaceutical 3DP in clinical settings and drive the global movement towards personalised medicine and Industry 4.0."
34052390,2021,Biochimica et biophysica acta. Reviews on cancer,Review,Oncology,The potential of AI in cancer care and research.,"Current applications of artificial intelligence (AI), machine learning, and deep learning in cancer research and clinical care are highly diverse-from aiding radiologists in reading medical images to predicting oncoprotein folding and dynamics. The list of available AI-based tools is growing rapidly and will only continue to expand. With the immense potential for AI to advance cancer research and clinical care, the National Cancer Institute (NCI) has a responsibility to consider and support the development and evaluation of such technologies. NCI's current involvement in AI research spans the spectrum of development, implementation, and assessment. That includes generating large, publicly available, curated datasets; shifting the culture of data sharing; training the next generation of scientists in both AI and cancer sciences; fostering interdisciplinary collaborations; investing in research to improve AI methods and models that are designed specifically for cancer; widening access to computing power; procuring computer architecture for future developments; and assuring AI research and technologies follow ethical principles. In addition to a broad overview of AI applications in cancer research and care, and NCI's ongoing AI-based activities, this Perspective outlines NCI's four priority areas for future investment of cancer-focused AI development."
33848616,2021,Biochimica et biophysica acta. Reviews on cancer,Review,Oncology,Core services that power AI-driven transformation in cancer research and care.,"This review captures some key lessons learned in the course of helping some of America's leading healthcare AI innovators achieve scale and sustained impact in complex research and care delivery ecosystems. AI innovators may find it useful to access core services to form effective collaborations, find and manage the right data and technology, incentivize and regulate partnerships, demonstrate they can improve lives, and create self-sustaining networks by redistributing realized value."
34082064,2021,Biochimica et biophysica acta. Reviews on cancer,Review,Oncology,The case for AI-driven cancer clinical trials - The efficacy arm in silico.,"Pharmaceutical agents in oncology currently have high attrition rates from early to late phase clinical trials. Recent advances in computational methods, notably causal artificial intelligence, and availability of rich clinico-genomic databases have made it possible to simulate the efficacy of cancer drug protocols in diverse patient populations, which could inform and improve clinical trial design. Here, we review the current and potential use of in silico trials and causal AI to increase the efficacy and safety of traditional clinical trials. We conclude that in silico trials using causal AI approaches can simulate control and efficacy arms, inform patient recruitment and regimen titrations, and better enable subgroup analyses critical for precision medicine."
33740447,2021,Cell,Research Article,Medical Informatics / Digital Health,Precision medicine in 2030-seven ways to transform healthcare.,"Precision medicine promises improved health by accounting for individual variability in genes, environment, and lifestyle. Precision medicine will continue to transform healthcare in the coming decade as it expands in key areas: huge cohorts, artificial intelligence (AI), routine clinical genomics, phenomics and environment, and returning value across diverse populations."
32961010,2021,Clinical and translational science,Review,Medical Informatics / Digital Health,"Precision Medicine, AI, and the Future of Personalized Health Care.","The convergence of artificial intelligence (AI) and precision medicine promises to revolutionize health care. Precision medicine methods identify phenotypes of patients with less-common responses to treatment or unique healthcare needs. AI leverages sophisticated computation and inference to generate insights, enables the system to reason and learn, and empowers clinician decision making through augmented intelligence. Recent literature suggests that translational research exploring this convergence will help solve the most difficult challenges facing precision medicine, especially those in which nongenomic and genomic determinants, combined with information from patient symptoms, clinical history, and lifestyles, will facilitate personalized diagnosis and prognostication."
34527076,2021,Computational and mathematical methods in medicine,Review,Medical Informatics / Digital Health,Influential Usage of Big Data and Artificial Intelligence in Healthcare.,"Artificial intelligence (AI) is making computer systems capable of executing human brain tasks in many fields in all aspects of daily life. The enhancement in information and communications technology (ICT) has indisputably improved the quality of people's lives around the globe. Especially, ICT has led to a very needy and tremendous improvement in the health sector which is commonly known as electronic health (eHealth) and medical health (mHealth). Deep machine learning and AI approaches are commonly presented in many applications using big data, which consists of all relevant data about the medical health and diseases which a model can access at the time of execution or diagnosis of diseases. For example, cardiovascular imaging has now accurate imaging combined with big data from the eHealth record and pathology to better characterize the disease and personalized therapy. In clinical work and imaging, cancer care is getting improved by knowing the tumor biology and helping in the implementation of precision medicine. The Markov model is used to extract new approaches for leveraging cancer. In this paper, we have reviewed existing research relevant to eHealth and mHealth where various models are discussed which uses big data for the diagnosis and healthcare system. This paper summarizes the recent promising applications of AI and big data in medical health and electronic health, which have potentially added value to diagnosis and patient care."
34397469,2021,Current opinion in cardiology,Review,Surgery,The cardiac surgeon's guide to artificial intelligence.,"PURPOSE OF REVIEW: Artificial intelligence is the ability for machines to perform intelligent tasks. Artificial intelligence is already penetrating many aspects of medicine including cardiac surgery. Here, we offer a platform introduction to artificial intelligence for cardiac surgeons to understand the implementations of this transformative tool. RECENT FINDINGS: Artificial intelligence has contributed greatly to the automation of cardiac imaging, including echocardiography, cardiac computed tomography, cardiac MRI and most recently, in radiomics. There are also several artificial intelligence based clinical prediction tools that predict complex outcomes after cardiac surgery. Waveform analysis, specifically, automated electrocardiogram analysis, has seen significant strides with promise in wearables and remote monitoring. Experimentally, artificial intelligence has also entered the operating room in the form of augmented reality and automated robotic surgery. SUMMARY: Artificial intelligence has many potential exciting applications in cardiac surgery. It can streamline physician workload and help make medicine more human again by placing the physician back at the bedside. Here, we offer cardiac surgeons an introduction to this transformative tool so that they may actively participate in creating clinically relevant implementations to improve our practice."
33731170,2021,Diagnostic pathology,Review,Pathology / Laboratory Medicine,"Artificial intelligence (AI) in medicine, current applications and future role with special emphasis on its potential and promise in pathology: present and future impact, obstacles including costs and acceptance among pathologists, practical and philosophical considerations. A comprehensive review.","BACKGROUND: The role of Artificial intelligence (AI) which is defined as the ability of computers to perform tasks that normally require human intelligence is constantly expanding. Medicine was slow to embrace AI. However, the role of AI in medicine is rapidly expanding and promises to revolutionize patient care in the coming years. In addition, it has the ability to democratize high level medical care and make it accessible to all parts of the world. MAIN TEXT: Among specialties of medicine, some like radiology were relatively quick to adopt AI whereas others especially pathology (and surgical pathology in particular) are only just beginning to utilize AI. AI promises to play a major role in accurate diagnosis, prognosis and treatment of cancers. In this paper, the general principles of AI are defined first followed by a detailed discussion of its current role in medicine. In the second half of this comprehensive review, the current and future role of AI in surgical pathology is discussed in detail including an account of the practical difficulties involved and the fear of pathologists of being replaced by computer algorithms. A number of recent studies which demonstrate the usefulness of AI in the practice of surgical pathology are highlighted. CONCLUSION: AI has the potential to transform the practice of surgical pathology by ensuring rapid and accurate results and enabling pathologists to focus on higher level diagnostic and consultative tasks such as integrating molecular, morphologic and clinical information to make accurate diagnosis in difficult cases, determine prognosis objectively and in this way contribute to personalized care."
33447941,2021,Drug delivery and translational research,Review,Medical Informatics / Digital Health,Intelligent automated drug administration and therapy: future of healthcare.,"In the twenty-first century, the collaboration of control engineering and the healthcare sector has matured to some extent; however, the future will have promising opportunities, vast applications, and some challenges. Due to advancements in processing speed, the closed-loop administration of drugs has gained popularity for critically ill patients in intensive care units and routine life such as personalized drug delivery or implantable therapeutic devices. For developing a closed-loop drug delivery system, the control system works with a group of technologies like sensors, micromachining, wireless technologies, and pharmaceuticals. Recently, the integration of artificial intelligence techniques such as fuzzy logic, neural network, and reinforcement learning with the closed-loop drug delivery systems has brought their applications closer to fully intelligent automatic healthcare systems. This review's main objectives are to discuss the current developments, possibilities, and future visions in closed-loop drug delivery systems, for providing treatment to patients suffering from chronic diseases. It summarizes the present insight of closed-loop drug delivery/therapy for diabetes, gastrointestinal tract disease, cancer, anesthesia administration, cardiac ailments, and neurological disorders, from a perspective to show the research in the area of control theory."
33529363,2021,Epilepsia,Review,Neurology / Neuroscience,Can Big Data guide prognosis and clinical decisions in epilepsy?,"Big Data is no longer a novel concept in health care. Its promise of positive impact is not only undiminished, but daily enhanced by seemingly endless possibilities. Epilepsy is a disorder with wide heterogeneity in both clinical and research domains, and thus lends itself to Big Data concepts and techniques. It is therefore inevitable that Big Data will enable multimodal research, integrating various aspects of ""-omics"" domains, such as phenome, genome, microbiome, metabolome, and proteome. This scope and granularity have the potential to change our understanding of prognosis and mortality in epilepsy. The scale of new discovery is unprecedented due to the possibilities promised by advances in machine learning, in particular deep learning. The subsequent possibilities of personalized patient care through clinical decision support systems that are evidence-based, adaptive, and iterative seem to be within reach. A major objective is not only to inform decision-making, but also to reduce uncertainty in outcomes. Although the adoption of electronic health record (EHR) systems is near universal in the United States, for example, advanced clinical decision support in or ancillary to EHRs remains sporadic. In this review, we discuss the role of Big Data in the development of clinical decision support systems for epilepsy care, prognostication, and discovery."
33937332,2021,Frontiers in molecular biosciences,Research Article,Oncology,Nanogenomics and Artificial Intelligence: A Dynamic Duo for the Fight Against Breast Cancer.,"Application software is utilized to aid in the diagnosis of breast cancer. Yet, recent advances in artificial intelligence (AI) are addressing challenges related to the detection, classification, and monitoring of different types of tumors. AI can apply deep learning algorithms to perform automated analysis on mammographic or histologic examinations. Large volume of data generated by digitalized mammogram or whole-slide images can be interoperated through advanced machine learning. This enables fast evaluation of every tissue patch on an image, resulting in a quicker more sensitivity, and more reproducible diagnoses compared to human performance. On the other hand, cancer cell-exosomes which are extracellular vesicles released by cancer cells into the blood circulation, are being explored as cancer biomarker. Recent studies on cancer-exosome-content revealed that the encapsulated miRNA and other biomolecules are indicative of tumor sub-type, possible metastasis and prognosis. Thus, theoretically, through nanogenomicas, a profile of each breast tumor sub-type, estrogen receptor status, and potential metastasis site can be constructed. Then, a laboratory instrument, fitted with an AI program, can be used to diagnose suspected patients by matching their sera miRNA and biomolecules composition with the available template profiles. In this paper, we discuss the advantages of establishing a nanogenomics-AI-based breast cancer diagnostic approach, compared to the gold standard radiology or histology based approaches that are currently being adapted to AI. Also, we discuss the advantages of building the diagnostic and prognostic biomolecular profiles for breast cancers based on the exosome encapsulated content, rather than the free circulating miRNA and other biomolecules."
34064710,2021,International journal of environmental research and public health,Review,Obstetrics / Gynecology,Gynecology Meets Big Data in the Disruptive Innovation Medical Era: State-of-Art and Future Prospects.,"Tremendous scientific and technological achievements have been revolutionizing the current medical era, changing the way in which physicians practice their profession and deliver healthcare provisions. This is due to the convergence of various advancements related to digitalization and the use of information and communication technologies (ICTs)-ranging from the internet of things (IoT) and the internet of medical things (IoMT) to the fields of robotics, virtual and augmented reality, and massively parallel and cloud computing. Further progress has been made in the fields of addictive manufacturing and three-dimensional (3D) printing, sophisticated statistical tools such as big data visualization and analytics (BDVA) and artificial intelligence (AI), the use of mobile and smartphone applications (apps), remote monitoring and wearable sensors, and e-learning, among others. Within this new conceptual framework, big data represents a massive set of data characterized by different properties and features. These can be categorized both from a quantitative and qualitative standpoint, and include data generated from wet-lab and microarrays (molecular big data), databases and registries (clinical/computational big data), imaging techniques (such as radiomics, imaging big data) and web searches (the so-called infodemiology, digital big data). The present review aims to show how big and smart data can revolutionize gynecology by shedding light on female reproductive health, both in terms of physiology and pathophysiology. More specifically, they appear to have potential uses in the field of gynecology to increase its accuracy and precision, stratify patients, provide opportunities for personalized treatment options rather than delivering a package of ""one-size-fits-it-all"" healthcare management provisions, and enhance its effectiveness at each stage (health promotion, prevention, diagnosis, prognosis, and therapeutics)."
34882190,2021,JAMA,Research Article,Medical Informatics / Digital Health,"Next-Generation Artificial Intelligence for Diagnosis: From Predicting Diagnostic Labels to ""Wayfinding"".",
33575021,2021,Journal of healthcare engineering,Review,Medical Informatics / Digital Health,Involvement of Machine Learning Tools in Healthcare Decision Making.,"In the present day, there are many diseases which need to be identified at their early stages to start relevant treatments. If not, they could be uncurable and deadly. Due to this reason, there is a need of analysing complex medical data, medical reports, and medical images at a lesser time but with greater accuracy. There are even some instances where certain abnormalities cannot be directly recognized by humans. In healthcare for computational decision making, machine learning approaches are being used in these types of situations where a crucial data analysis needs to be performed on medical data to reveal hidden relationships or abnormalities which are not visible to humans. Implementing algorithms to perform such tasks itself is difficult, but what makes it even more challenging is to increase the accuracy of the algorithm while decreasing the required time for the algorithm to execute. In the early days, processing of large amount of medical data was an important task which resulted in machine learning being adapted in the biological domain. Since this happened, the biology and biomedical fields have been reaching higher levels by exploring more knowledge and identifying relationships which were never observed before. Reaching to its peak now the concern is being diverted towards treating patients not only based on the type of disease but also their genetics, which is known as precision medicine. Modifications in machine learning algorithms are being performed and tested daily to improve the performance of the algorithms in analysing and presenting more accurate information. In the healthcare field, starting from information extraction from medical documents until the prediction or diagnosis of a disease, machine learning has been involved. Medical imaging is a section that was greatly improved with the integration of machine learning algorithms to the field of computational biology. Nowadays, many disease diagnoses are being performed by medical image processing using machine learning algorithms. In addition, patient care, resource allocation, and research on treatments for various diseases are also being performed using machine learning-based computational decision making. Throughout this paper, various machine learning algorithms and approaches that are being used for decision making in the healthcare sector will be discussed along with the involvement of machine learning in healthcare applications in the current context. With the explored knowledge, it was evident that neural network-based deep learning methods have performed extremely well in the field of computational biology with the support of the high processing power of modern sophisticated computers and are being extensively applied because of their high predicting accuracy and reliability. When giving concern towards the big picture by combining the observations, it is noticeable that computational biology and biomedicine-based decision making in healthcare have now become dependent on machine learning algorithms, and thus they cannot be separated from the field of artificial intelligence."
33929707,2021,Journal of robotic surgery,Research Article,Ophthalmology,Can robotics be the future of ophthalmic surgery?,The future of robotic ophthalmologic surgery looks promising. Innovations in robotic technology and artificial intelligence may provide an ideal machine-human interface with planned and precise movements minimizing unwanted tissue damage and improving clinical outcomes.
32974930,2021,Journal of surgical oncology,Review,Oncology,Patient generated health data and electronic health record integration in oncologic surgery: A call for artificial intelligence and machine learning.,"In this review, we aim to assess the current state of science in relation to the integration of patient-generated health data (PGHD) and patient-reported outcomes (PROs) into routine clinical care with a focus on surgical oncology populations. We will also describe the critical role of artificial intelligence and machine-learning methodology in the efficient translation of PGHD, PROs, and traditional outcome measures into meaningful patient care models."
34648746,2021,Journal of the American College of Radiology : JACR,Research Article,Radiology / Diagnostic Imaging,Accelerating Development and Clinical Deployment of Diagnostic Imaging Artificial Intelligence.,
40477078,2021,Mobile networks and applications : MONET,Research Article,Medical Informatics / Digital Health,"Mobile Data Science and Intelligent Apps: Concepts, AI-Based Modeling and Research Directions.","Artificial intelligence (AI) techniques have grown rapidly in recent years in the context of computing with smart mobile phones that typically allows the devices to function in an intelligent manner. Popular AI techniques include machine learning and deep learning methods, natural language processing, as well as knowledge representation and expert systems, can be used to make the target mobile applications intelligent and more effective. In this paper, we present a comprehensive view on ""mobile data science and intelligent apps"" in terms of concepts and AI-based modeling that can be used to design and develop intelligent mobile applications for the betterment of human life in their diverse day-to-day situation. This study also includes the concepts and insights of various AI-powered intelligent apps in several application domains, ranging from personalized recommendation to healthcare services, including COVID-19 pandemic management in recent days. Finally, we highlight several research issues and future directions relevant to our analysis in the area of mobile data science and intelligent apps. Overall, this paper aims to serve as a reference point and guidelines for the mobile application developers as well as the researchers in this domain, particularly from the technical point of view."
33851753,2021,Movement disorders : official journal of the Movement Disorder Society,Editorial,Neurology / Neuroscience,Machine Learning Will Extend the Clinical Utility of Adaptive Deep Brain Stimulation.,
33159824,2021,Nursing inquiry,Research Article,Nursing,Transcending human frailties with technological enhancements and replacements: Transhumanist perspective in nursing and healthcare.,"As human beings age, they become weak, fragile, and feeble. It is a slowly progressing yet complex syndrome in which old age or some disabilities are not prerequisites; neither does loss of human parts lead to frailty among the physically fit older persons. This paper aims to describe the influences of transhumanist perspectives on human-technology enhancements and replacements in the transcendence of human frailties, including those of older persons, in which technology is projected to deliver solutions toward transcending these frailties. Through technologies including genetic screening and other technological manipulations, intelligent machines and augmented humans improve, maintain, and remedy human-linked susceptibilities. Furthermore, other technologies replace parts fabricated through inorganic-mechanical processes such as 3D-printing. Advancing technologies are reaching the summit of technological sophistication contributing to the transhumanist views of being human in a technological world. Technologies enhance the transcendence of human frailties as essential expressions of the symbiosis between human beings and technology in a transcendental world."
34370272,2021,Physical and engineering sciences in medicine,Research Article,Medical Informatics / Digital Health,Artificial intelligence (AI) will enable improved diagnosis and treatment outcomes.,
35199553,2021,Physiological research,Review,Medical Informatics / Digital Health,The potential applications of artificial intelligence in drug discovery and development.,"Development of a new dug is a very lengthy and highly expensive process since only preclinical, pharmacokinetic, pharmacodynamic and toxicological studies include a multiple of in silico, in vitro, in vivo experimentations that traditionally last several years. In the present review, we briefly report some examples that demonstrate the power of the computer-assisted drug discovery process with some examples that are published and revealing the successful applications of artificial intelligence (AI) technology on this vivid area. Besides, we address the situation of drug repositioning (repurposing) in clinical applications. Yet few success stories in this regard that provide us with a clear evidence that AI will reveal its great potential in accelerating effective new drug finding. AI accelerates drug repurposing and AI approaches are altogether necessary and inevitable tools in new medicine development. In spite of the fact that AI in drug development is still in its infancy, the advancements in AI and machine-learning (ML) algorithms have an unprecedented potential. The AI/ML solutions driven by pharmaceutical scientists, computer scientists, statisticians, physicians and others are increasingly working together in the processes of drug development and are adopting AI-based technologies for the rapid discovery of medicines. AI approaches, coupled with big data, are expected to substantially improve the effectiveness of drug repurposing and finding new drugs for various complex human diseases."
32940124,2021,SLAS technology,Review,Medical Informatics / Digital Health,Artificial Intelligence Effecting a Paradigm Shift in Drug Development.,"The inverse relationship between the cost of drug development and the successful integration of drugs into the market has resulted in the need for innovative solutions to overcome this burgeoning problem. This problem could be attributed to several factors, including the premature termination of clinical trials, regulatory factors, or decisions made in the earlier drug development processes. The introduction of artificial intelligence (AI) to accelerate and assist drug development has resulted in cheaper and more efficient processes, ultimately improving the success rates of clinical trials. This review aims to showcase and compare the different applications of AI technology that aid automation and improve success in drug development, particularly in novel drug target identification and design, drug repositioning, biomarker identification, and effective patient stratification, through exploration of different disease landscapes. In addition, it will also highlight how these technologies are translated into the clinic. This paradigm shift will lead to even greater advancements in the integration of AI in automating processes within drug development and discovery, enabling the probability and reality of attaining future precision and personalized medicine."
34471174,2021,Scientific reports,Research Article,Dermatology,"AI outperformed every dermatologist in dermoscopic melanoma diagnosis, using an optimized deep-CNN architecture with custom mini-batch logic and loss function.","Melanoma, one of the most dangerous types of skin cancer, results in a very high mortality rate. Early detection and resection are two key points for a successful cure. Recent researches have used artificial intelligence to classify melanoma and nevus and to compare the assessment of these algorithms to that of dermatologists. However, training neural networks on an imbalanced dataset leads to imbalanced performance, the specificity is very high but the sensitivity is very low. This study proposes a method for improving melanoma prediction on an imbalanced dataset by reconstructed appropriate CNN architecture and optimized algorithms. The contributions involve three key features as custom loss function, custom mini-batch logic, and reformed fully connected layers. In the experiment, the training dataset is kept up to date including 17,302 images of melanoma and nevus which is the largest dataset by far. The model performance is compared to that of 157 dermatologists from 12 university hospitals in Germany based on the same dataset. The experimental results prove that our proposed approach outperforms all 157 dermatologists and achieves higher performance than the state-of-the-art approach with area under the curve of 94.4%, sensitivity of 85.0%, and specificity of 95.0%. Moreover, using the best threshold shows the most balanced measure compare to other researches, and is promisingly application to medical diagnosis, with sensitivity of 90.0% and specificity of 93.8%. To foster further research and allow for replicability, we made the source code and data splits of all our experiments publicly available."
34247564,2021,The American journal of Chinese medicine,Review,Medical Informatics / Digital Health,The Impact of Artificial Intelligence on Traditional Chinese Medicine.,"Traditional Chinese Medicine (TCM) is a well-established medical system with a long history. Currently, artificial intelligence (AI) is rapidly expanding in many fields including TCM. AI will significantly improve the reliability and accuracy of diagnostics, thus increasing the use of effective therapeutic methods for patients. This systematic review provides an updated overview on the major breakthroughs in the field of AI-assisted TCM four diagnostic methods, syndrome differentiation, and treatment. AI-assisted TCM diagnosis is mainly based on digital data collected by modern electronic instruments, which makes TCM diagnosis more quantitative, objective, and standardized. As a result, the diagnosis decisions made by different TCM doctors exhibit more consistency, accuracy, and reliability. Meanwhile, the therapeutic efficacy of TCM can be evaluated objectively. Therefore, AI is promoting TCM from experience to evidence-based medicine, a genuine scientific revolution. Furthermore, huge and non-uniform knowledge on formula-syndrome relationships and the combination rules of herbal TCM formulae could be better standardized with the help of AI analysis, which is necessary for the clinical efficacy evaluation and further optimization on the standardized TCM formulae. AI bridges the gap between TCM and modern science and technology. AI may bring clinical TCM diagnostics closer to western medicine. With the help of AI, more scientific evidence about TCM will be discovered. It can be expected that more unified guidelines for specific TCM syndromes will be issued with the development of AI-assisted TCM therapies in the future."
35225723,2022,Cancer investigation,Research Article,Oncology,Rapid Progress in Intelligent Radiotherapy and Future Implementation.,"Radiotherapy is one of the major approaches to cancer treatment. Artificial intelligence in radiotherapy (shortly, Intelligent radiotherapy) mainly involves big data, deep learning, extended reality, digital twin, radiomics, Internet plus and Internet of Things (IoT), which establish an automatic and intelligent network platform consisting of radiotherapy preparation, target volume delineation, treatment planning, radiation delivery, quality assurance (QA) and quality control (QC), prognosis judgment and post-treatment follow-up. Intelligent radiotherapy is an interdisciplinary frontier discipline in infancy. The review aims to summary the important implements of intelligent radiotherapy in various areas and put forward the future of unmanned radiotherapy center."
35031822,2022,Cardiovascular and interventional radiology,Review,Radiology / Diagnostic Imaging,Prime Time for Artificial Intelligence in Interventional Radiology.,"Machine learning techniques, also known as artificial intelligence (AI), is about to dramatically change workflow and diagnostic capabilities in diagnostic radiology. The interest in AI in Interventional Radiology is rapidly gathering pace. With this early interest in AI in procedural medicine, IR could lead the way to AI research and clinical applications for all interventional medical fields. This review will address an overview of machine learning, radiomics and AI in the field of interventional radiology, enumerating the possible applications of such techniques, while also describing techniques to overcome the challenge of limited data when applying these techniques in interventional radiology. Lastly, this review will address common errors in research in this field and suggest pathways for those interested in learning and becoming involved about AI."
35187568,2022,Cardiovascular research,Research Article,Cardiology,Current and future implications of the artificial intelligence electrocardiogram: the transformation of healthcare and attendant research opportunities.,
35609670,2022,Clinical biochemistry,Letter,Pathology / Laboratory Medicine,"Artificial intelligence: A step forward in the clinical laboratory, a decision maker hub.",
35909280,2022,Current pharmaceutical design,Editorial,Medical Informatics / Digital Health,"Artificial Intelligence: The New ""Fuel"" to Accelerate Pharmaceutical Development.",
34652003,2022,Digestive endoscopy : official journal of the Japan Gastroenterological Endoscopy Society,Editorial,Internal Medicine / Primary Care,Contribution of the Japan Gastroenterological Endoscopy Society to promote computer-aided diagnosis/detection system development using artificial intelligence technology.,
35608227,2022,European heart journal,Review,Cardiology,"Three-dimensional printing, holograms, computational modelling, and artificial intelligence for adult congenital heart disease care: an exciting future.","Congenital heart disease (CHD) is often comprised of complex three-dimensional (3D) anatomy that must be well understood to assess the pathophysiological consequences and guide therapy. Thus, detailed cardiac imaging for early detection and planning of interventional and/or surgical treatment is paramount. Advanced technologies have revolutionized diagnostic and therapeutic practice in CHD, thus playing an increasing role in its management. Traditional reliance on standard imaging modalities including echocardiography, cardiac computed tomography (CT) and magnetic resonance imaging (MRI) has been augmented by the use of recent technologies such as 3D printing, virtual reality, augmented reality, computational modelling, and artificial intelligence because of insufficient information available with these standard imaging techniques. This has created potential opportunities of incorporating these technologies into routine clinical practice to achieve the best outcomes through delivery of personalized medicine. In this review, we provide an overview of these evolving technologies and a new approach enabling physicians to better understand their real-world application in adult CHD as a prelude to clinical workflow implementation."
36220360,2022,European journal of pharmacology,Review,Medical Informatics / Digital Health,Advancing health care via artificial intelligence: From concept to clinic.,"Ever Since, pharmaceutical companies are facing challenges to develop new drug products faster and economical with good quality, safety and efficacy. The advent of Artificial intelligence (AI) with computational technology empowers scientists, impacts society at a great scale by developing new drugs at rapid pace. Artificial intelligence is the science and engineering of creating intelligent machines using personified knowledge. There are many opportunities to apply AI tools to the drug discovery pipeline. Examples include target identification, identification of biomarkers, molecular modelling, synthesis of molecules, predicting toxicity and picking up leads. Further, this technology also helps the clinical scientists in clinical trial design, execution and real-time analysis. Altogether it facilitates the process of drug discovery, development and also provides better therapy to the patients. Apart from drug discovery and development, AI also has applications in the area of diagnosis, drug delivery, patient adherence and better monitoring of safety. There are many instances where AI can perform tasks better than humans and aid healthcare providers in treating patients. In this article, we have provided discussion on how AI is advancing the health care field to achieve greater success."
35872988,2022,Frontiers in endocrinology,Research Article,Internal Medicine / Primary Care,Cushing's Disease Management: Glimpse Into 2051.,"Major advancements are expected in medicine and healthcare in the 21st century- ""Digital Age"", mainly due to the application of data technologies and artificial intelligence into healthcare. In this perspective article we share a short story depicting the future Cushings' Disease patient and the postulated diagnostic and management approaches. In the discussion, we explain the advances in recent times which makes this future state plausible. We postulate that endocrinology care will be completely reinvented in the Digital Age."
36353272,2022,Frontiers in public health,Research Article,Medical Informatics / Digital Health,"Internet of Things, Machine Learning, and Blockchain Technology: Emerging technologies revolutionizing Universal Health Coverage.",
34954571,2022,"Healthcare (Amsterdam, Netherlands)",Research Article,Internal Medicine / Primary Care,Advancing primary care with Artificial Intelligence and Machine Learning.,"Primary care is the largest healthcare delivery platform in the US. Facing the Artificial Intelligence and Machine Learning technology (AI/ML) revolution, the primary care community would benefit from a roadmap revealing priority areas and opportunities for developing and integrating AI/ML-driven clinical tools. This article presents a framework that identifies five domains for AI/ML integration in primary care to support care delivery transformation and achieve the Quintuple Aims of the healthcare system. We concluded that primary care plays a critical role in developing, introducing, implementing, and monitoring AI/ML tools in healthcare and must not be overlooked as AI/ML transforms healthcare."
35691440,2022,International journal of cardiology,Research Article,Cardiology,Artificial intelligence versus physicians on interpretation of printed ECG images: Diagnostic performance of ST-elevation myocardial infarction on electrocardiography.,"BACKGROUND: Smartphone-based ECG analyzer using camera input can be useful as everyone have it. The purpose of this study was to evaluate whether such a system can outperform clinicians in detecting ST-elevation myocardial infarction (STEMI) regardless of image acquisition conditions. METHODS: We retrospectively enrolled suspected STEMI patients in an emergency department from January to October 2021. A multifaceted cardiovascular assessment system (Quantitative ECG, QCG™) using ECG images to produce a quantitative score (QCG score, ranging from 0 to 100) was compared to human experts of 7 emergency physicians and 3 cardiologists. Voting scores (number of participants answering ""yes"" for STEMI) were calculated for comparison. The system's robustness was evaluated using an equivalence test where we prove its performance metric (area under the curve of the receiver operating characteristic curve, AUC-ROC) changes within a predetermined equivalence range (-0.01 to 0.01) in 6 different environments (A combination of three different smartphones and two image sources including computer screen and paper). RESULTS: 187 patients (96 STEMI, 51.3%) were analyzed. AUC-ROC of QCG score was 0.919 (0.880-0.957). AUC-ROCs of voting scores, 0.856 (0.799-0.913) for all clinicians, 0.843 (0.786-0.900) for emergency physicians, 0.817 (0.756-0.877) for cardiologists, and 0.848 (0.790-0.905) for high-performance group were significantly lower compared to that of QCG score. The change in AUC-ROC by image acquisition condition was negligible with a narrow confidence interval within -0.01 to 0.01 confirming the equivalence. CONCLUSIONS: Image-based AI system can outperform clinicians in STEMI diagnosis and its performance was robust to change in image acquisition conditions."
36142600,2022,International journal of molecular sciences,Review,Medical Informatics / Digital Health,Molecular Biosimilarity-An AI-Driven Paradigm Shift.,"Scientific, technical, and bioinformatics advances have made it possible to establish analytics-based molecular biosimilarity for the approval of biosimilars. If the molecular structure is identical and other product- and process-related attributes are comparable within the testing limits, then a biosimilar candidate will have the same safety and efficacy as its reference product. Classical testing in animals and patients is much less sensitive in terms of identifying clinically meaningful differences, as is reported in the literature. The recent artificial intelligence (AI)-based protein structure prediction model, AlphaFold-2, has confirmed that the primary structure of proteins always determines their 3D structure; thus, we can deduce that a biosimilar with an identical primary structure will have the same efficacy and safety. Further confirmation of the thesis has been established using technologies that are now much more sensitive. For example, mass spectrometry (MS) is thousands of times more sensitive and accurate when compared to any form of biological testing. While regulatory agencies have begun waiving animal testing and, in some cases, clinical efficacy testing, the removal of clinical pharmacology profiling brings with it a dramatic paradigm shift, reducing development costs without compromising safety or efficacy. A list of 160+ products that are ready to enter as biosimilars has been shared. Major actions from regulatory agencies and developers are required to facilitate this paradigm shift."
36028138,2022,"International journal of surgery (London, England)",Letter,Internal Medicine / Primary Care,Deep learning research should be encouraged for diagnosis and treatment of antibiotic resistance of microbial infections in treatment associated emergencies in hospitals.,
35302963,2022,JBJS reviews,Review,Surgery,Understanding Artificial Intelligence and Predictive Analytics: A Clinically Focused Review of Machine Learning Techniques.,"»: Machine learning and artificial intelligence have seen tremendous growth in recent years and have been applied in numerous studies in the field of orthopaedics. »: Machine learning will soon become critical in the day-to-day operations of orthopaedic practice; therefore, it is imperative that providers become accustomed to and familiar with not only the terminology but also the fundamental techniques behind the technology. »: A foundation of knowledge regarding machine learning is critical for physicians so they can begin to understand the details in the algorithms that are being developed, which provide improved accuracy compared with clinicians, decreased time required, and a heightened ability to triage patients."
34602525,2022,Journal of atherosclerosis and thrombosis,Research Article,Cardiology,The Future Role of High-Performance Computing in Cardiovascular Medicine and Science -Impact of Multi-Dimensional Data Analysis.,"Advances in High-performance computing (HPC) technology have reached the capacity to inform cardiovascular (CV) science in the realm of both inductive and constructive approaches. Clinical trials allow for the comparison of the effect of an intervention without the need to understand the mechanism. This is a typical example of an inductive approach. In the HPC field, training an artificial intelligence (AI) model, constructed by neural networks, to predict future CV events with the use of large scale multi-dimensional datasets is the counterpart that may rely on as well as inform understanding of mechanistic underpinnings for optimization. However, in contrast to clinical trials, AI can calculate event risk at the individual level and has the potential to inform and refine the application of personalized medicine.Despite this clear strength, results from AI analyses may identify otherwise unidentified/unexpected (i.e. non-intuitive) relationships between multi-dimensional data and clinical outcomes that may further unravel potential mechanistic pathways and identify potential therapeutic targets, therebycontributing to the parsing of observational associations from causal links. The constructive approach will remain critical to overcome limitations of existing knowledge and anchored biases to actualize a more sophisticated understanding of the complex pathobiology of CV diseases.HPC technology has the potential to underpin this constructive approach in CV basic and clinical science. In general, even complex biological phenomena can be reduced to combinations of simple biological/chemical/physical laws. In the deductive approach, the focus/intent is to explain complex CV diseases by combinations of simple principles."
34972616,2022,Journal of orthopaedic science : official journal of the Japanese Orthopaedic Association,Editorial,Surgery,Near future image of orthopedics after COVID-19 pandemic.,"The pandemic of the new coronavirus infection has swept the world and killed more than 5 million people, which has shocked all human beings who have believed in modern medical progress. Along with the sedation of infections, the balance between restriction and acceleration of socio-economic activities is difficult. With the spread of vaccines and the advent of viral therapeutic agents, we expect how to control this pandemic has finally become visible. In this situation, we realize that data science and robotics innovations are quite important in many medical fields. Artificial intelligence (AI) diagnosis and remote medical care are becoming a reality, and this direction will accelerate further in 2022, the first year of post-pandemic. The trend of digital transformation (Dx) will also be rushing into Orthopedics next year. In addition, research on virtual reality and augmented reality is being actively conducted, and it has become possible to use it for surgical simulation and technical training. As, in the field of abdominal surgery, remote robotic surgery will soon become available in the field of orthopedics as well. These Dx trend will prevail to our field instead of experience, and knowledge of medicine, which can change the medical care style dramatically in near future. It is crucial for orthopedic surgeons to always aim for its development and evolution."
35039425,2022,Journal of the American Board of Family Medicine : JABFM,Research Article,Medical Education,A Clinician's Guide to Artificial Intelligence (AI): Why and How Primary Care Should Lead the Health Care AI Revolution.,"Artificial intelligence (AI) in health care is the future that is already here. Despite its potential as a transformational force for primary care, most primary care providers (PCPs) do not know what it is, how it will impact them and their patients, and what its key limitations and ethical pitfalls are. This article is a beginner's guide to health care AI, written for the frontline PCP. Primary care-as the dominant force at the base of the health care pyramid, with its unrivaled interconnectedness to every part of the health system and its deep relationship with patients and communities-is the most uniquely suited specialty to lead the health care AI revolution. PCPs can advance health care AI by partnering with technologists to ensure that AI use cases are relevant and human-centered, applying quality improvement methods to health care AI implementations, and advocating for inclusive and ethical AI that combats, rather than worsens, health inequities."
36143468,2022,"Life (Basel, Switzerland)",Review,Medical Informatics / Digital Health,Artificial Intelligence in Biological Sciences.,"Artificial intelligence (AI), currently a cutting-edge concept, has the potential to improve the quality of life of human beings. The fields of AI and biological research are becoming more intertwined, and methods for extracting and applying the information stored in live organisms are constantly being refined. As the field of AI matures with more trained algorithms, the potential of its application in epidemiology, the study of host-pathogen interactions and drug designing widens. AI is now being applied in several fields of drug discovery, customized medicine, gene editing, radiography, image processing and medication management. More precise diagnosis and cost-effective treatment will be possible in the near future due to the application of AI-based technologies. In the field of agriculture, farmers have reduced waste, increased output and decreased the amount of time it takes to bring their goods to market due to the application of advanced AI-based approaches. Moreover, with the use of AI through machine learning (ML) and deep-learning-based smart programs, one can modify the metabolic pathways of living systems to obtain the best possible outputs with the minimal inputs. Such efforts can improve the industrial strains of microbial species to maximize the yield in the bio-based industrial setup. This article summarizes the potentials of AI and their application to several fields of biology, such as medicine, agriculture, and bio-based industry."
35046123,2022,Open heart,Editorial,Medical Informatics / Digital Health,Artificial intelligence and machine learning: the resurgence of the industrial revolution by robots.,
34954220,2022,Ophthalmology. Glaucoma,Research Article,Ophthalmology,A Case for the Use of Artificial Intelligence in Glaucoma Assessment.,"We hypothesize that artificial intelligence (AI) applied to relevant clinical testing in glaucoma has the potential to enhance the ability to detect glaucoma. This premise was discussed at the recent Collaborative Community on Ophthalmic Imaging meeting, ""The Future of Artificial Intelligence-Enabled Ophthalmic Image Interpretation: Accelerating Innovation and Implementation Pathways,"" held virtually September 3-4, 2020. The Collaborative Community on Ophthalmic Imaging (CCOI) is an independent self-governing consortium of stakeholders with broad international representation from academic institutions, government agencies, and the private sector whose mission is to act as a forum for the purpose of helping speed innovation in healthcare technology. It was 1 of the first 2 such organizations officially designated by the Food and Drug Administration in September 2019 in response to their announcement of the collaborative community program as a strategic priority for 2018-2020. Further information on the CCOI can be found online at their website (https://www.cc-oi.org/about). Artificial intelligence for glaucoma diagnosis would have high utility globally, because access to care is limited in many parts of the world and half of all people with glaucoma are unaware of their illness. The application of AI technology to glaucoma diagnosis has the potential to broadly increase access to care worldwide, in essence flattening the Earth by providing expert-level evaluation to individuals even in the most remote regions of the planet."
35699583,2022,Radiology,Editorial,Medical Informatics / Digital Health,Multitask Deep Learning Tools Are Needed for Clinical Practice-Especially for Low Back Pain.,
36080827,2022,"Sensors (Basel, Switzerland)",Research Article,Pathology / Laboratory Medicine,Smart Diagnostics: Combining Artificial Intelligence and In Vitro Diagnostics.,"We are beginning a new era of Smart Diagnostics-integrated biosensors powered by recent innovations in embedded electronics, cloud computing, and artificial intelligence (AI). Universal and AI-based in vitro diagnostics (IVDs) have the potential to exponentially improve healthcare decision making in the coming years. This perspective covers current trends and challenges in translating Smart Diagnostics. We identify essential elements of Smart Diagnostics platforms through the lens of a clinically validated platform for digitizing biology and its ability to learn disease signatures. This platform for biochemical analyses uses a compact instrument to perform multiclass and multiplex measurements using fully integrated microfluidic cartridges compatible with the point of care. Image analysis digitizes biology by transforming fluorescence signals into inputs for learning disease/health signatures. The result is an intuitive Score reported to the patients and/or providers. This AI-linked universal diagnostic system has been validated through a series of large clinical studies and used to identify signatures for early disease detection and disease severity in several applications, including cardiovascular diseases, COVID-19, and oral cancer. The utility of this Smart Diagnostics platform may extend to multiple cell-based oncology tests via cross-reactive biomarkers spanning oral, colorectal, lung, bladder, esophageal, and cervical cancers, and is well-positioned to improve patient care, management, and outcomes through deployment of this resilient and scalable technology. Lastly, we provide a future perspective on the direction and trajectory of Smart Diagnostics and the transformative effects they will have on health care."
32767299,2022,"Ultraschall in der Medizin (Stuttgart, Germany : 1980)",Research Article,Radiology / Diagnostic Imaging,Accuracy of Trained Physicians is Inferior to Deep Learning-Based Algorithm for Determining Angles in Ultrasound of the Newborn Hip.,"PURPOSE: Sonographic diagnosis of developmental dysplasia of the hip allows treatment with a flexion-abduction orthosis preventing hip luxation. Accurate determination of alpha and beta angles according to Graf is crucial for correct diagnosis. It is unclear if algorithms could predict the angles. We aimed to compare the accuracy for users and automation reporting root mean squared errors (RMSE). MATERIALS AND METHODS: We used 303 306 ultrasound images of newborn hips collected between 2009 and 2016 in screening consultations. Trained physicians labelled every second image with alpha and beta angles during the consultations. A random subset of images was labeled with time and precision under lab conditions as ground truth. Automation predicted the two angles using a convolutional neural network (CNN). The analysis was focused on the alpha angle. RESULTS: Three methods were implemented, each with a different abstraction of the problem: (1) CNNs that directly learn the angles without any post-processing steps; (2) CNNs that return the relevant landmarks in the image to identify the angles; (3) CNNs that return the base line, bony roof line, and the cartilage roof line which are necessary to calculate the angles. The RMSE between physicians and ground truth were found to be 7.1° for alpha. The best CNN architecture was (2) landmark detection. The RMSE between landmark detection and ground truth was 3.9° for alpha. CONCLUSION: The accuracy of physicians in their daily routine is inferior to deep learning-based algorithms for determining angles in ultrasound of the newborn hip. Similar methods could be used to support physicians. UNLABELLED: ZIEL:  Die Diagnose von Hüftdysplasie mittels Sonografie erlaubt das Behandeln mit Flexionsorthese, um einer Hüftluxation vorzubeugen. Genaue Bestimmungen der Winkel Alpha und Beta nach Graf sind essenziell für eine korrekte Diagnose. Es ist unklar, ob ein Algorithmus die Winkel vorhersagen könnte. Diese Arbeit vergleicht die Genauigkeit für Anwender und Automation mittels mittlerer quadratischer Fehler (MQF). MATERIAL UND METHODE: Wir verwendeten 303 306 Ultraschallbilder von Neugeborenenhüften, die zwischen 2009 und 2016 in Screening-Untersuchungen akquiriert wurden. Ausgebildete Ärzte bestimmten während der Konsultation in jedem zweiten Bild die Winkel Alpha und Beta. Eine zufällige Teilmenge an Bildern wurde unter Laborbedingungen mit Zeit und Präzision als Ground Truth beschriftet. Die Automation sagte die beiden Winkel mittels convolutional neural network (CNN) voraus. Die Analyse war auf den Winkel Alpha fokussiert. ERGEBNISSE: Drei Methoden wurden implementiert, jede davon mit einer anderen Abstraktion des Problems: (1) CNNs, die Winkel ohne post-processing direkt lernen; (2) CNNs, die Punkte im Bild bestimmen, die relevant sind, um die Winkel zu bestimmen; (3) CNNs, die Grundlinie, Pfannendachlinie und die Knorpeldachlinie in das Bild legen, um daraus die Winkel zu bestimmen. Der MQF zwischen Ärzten und der Ground Truth war 7,1° für Alpha. Die beste CNN-Architektur war (2) die Detektion der Punkte. Der MQF zwischen Punktedetektion und Ground Truth betrug 3,9° für Alpha. SCHLUSSFOLGERUNG: Die Genauigkeit von Ärzten in ihrer täglichen Arbeit ist kleiner als diejenige eines Deep-Learning-basierten Algorithmus beim Bestimmen von Winkeln im Ultraschall der Säuglingshüfte. Ähnliche Methoden könnten verwendet werden, um Ärzte zu unterstützen."
36514232,2022,Veterinary radiology & ultrasound : the official journal of the American College of Veterinary Radiology and the International Veterinary Radiology Association,Letter,Multidisciplinary / Other,Artificial intelligence in veterinary care will be a major driving force behind ai advancements in healthcare.,
37466892,2023,Academic psychiatry : the journal of the American Association of Directors of Psychiatric Residency Training and the Association for Academic Psychiatry,Editorial,Mental Health / Psychiatry,Artificial Intelligence: the Next Frontier in Psychiatric Treatment and Education.,
35965155,2023,Academic radiology,Research Article,Radiology / Diagnostic Imaging,Academic Radiology Departments Should Lead Artificial Intelligence Initiatives.,"RATIONALE AND OBJECTIVES: With a track record of innovation and unique access to digital data, radiologists are distinctly positioned to usher in a new medical era of artificial intelligence (AI). MATERIALS AND METHODS: In this Perspective piece, we summarize AI initiatives that academic radiology departments should consider related to the traditional pillars of education, research, and clinical excellence, while also introducing a new opportunity for engagement with industry. RESULTS: We provide early successful examples of each as well as suggestions to guide departments towards future success. CONCLUSION: Our goal is to assist academic radiology leaders in bringing their departments into the AI era and realizing its full potential in our field."
37429545,2023,Ageing research reviews,Review,Neurology / Neuroscience,"New era of artificial intelligence and machine learning-based detection, diagnosis, and therapeutics in Parkinson's disease.","Parkinson's disease (PD) is characterized by the loss of neuronal cells, which leads to synaptic dysfunction and cognitive defects. Despite the advancements in treatment strategies, the management of PD is still a challenging event. Early prediction and diagnosis of PD are of utmost importance for effective management of PD. In addition, the classification of patients with PD as compared to normal healthy individuals also imposes drawbacks in the early diagnosis of PD. To address these challenges, artificial intelligence (AI) and machine learning (ML) models have been implicated in the diagnosis, prediction, and treatment of PD. Recent times have also demonstrated the implication of AI and ML models in the classification of PD based on neuroimaging methods, speech recording, gait abnormalities, and others. Herein, we have briefly discussed the role of AI and ML in the diagnosis, treatment, and identification of novel biomarkers in the progression of PD. We have also highlighted the role of AI and ML in PD management through altered lipidomics and gut-brain axis. We briefly explain the role of early PD detection through AI and ML algorithms based on speech recordings, handwriting patterns, gait abnormalities, and neuroimaging techniques. Further, the review discuss the potential role of the metaverse, the Internet of Things, and electronic health records in the effective management of PD to improve the quality of life. Lastly, we also focused on the implementation of AI and ML-algorithms in neurosurgical process and drug discovery."
37088277,2023,American journal of obstetrics and gynecology,Research Article,Obstetrics / Gynecology,ChatGPT outscored human candidates in a virtual objective structured clinical examination in obstetrics and gynecology.,"BACKGROUND: Natural language processing is a form of artificial intelligence that allows human users to interface with a machine without using complex codes. The ability of natural language processing systems, such as ChatGPT, to successfully engage with healthcare systems requiring fluid reasoning, specialist data interpretation, and empathetic communication in an unfamiliar and evolving environment is poorly studied. This study investigated whether the ChatGPT interface could engage with and complete a mock objective structured clinical examination simulating assessment for membership of the Royal College of Obstetricians and Gynaecologists. OBJECTIVE: This study aimed to determine whether ChatGPT, without additional training, would achieve a score at least equivalent to that achieved by human candidates who sat for virtual objective structured clinical examinations in Singapore. STUDY DESIGN: This study was conducted in 2 phases. In the first phase, a total of 7 structured discussion questions were selected from 2 historical cohorts (cohorts A and B) of objective structured clinical examination questions. ChatGPT was examined using these questions and responses recorded in a script. Of note, 2 human candidates (acting as anonymizers) were examined on the same questions using videoconferencing, and their responses were transcribed verbatim into written scripts. The 3 sets of response scripts were mixed, and each set was allocated to 1 of 3 human actors. In the second phase, actors were used to presenting these scripts to examiners in response to the same examination questions. These responses were blind scored by 14 qualified examiners. ChatGPT scores were unblinded and compared with historical human candidate performance scores. RESULTS: The average score given to ChatGPT by 14 examiners was 77.2%. The average historical human score (n=26 candidates) was 73.7 %. ChatGPT demonstrated sizable performance improvements over the average human candidate in several subject domains. The median time taken for ChatGPT to complete each station was 2.54 minutes, well before the 10 minutes allowed. CONCLUSION: ChatGPT generated factually accurate and contextually relevant structured discussion answers to complex and evolving clinical questions based on unfamiliar settings within a very short period. ChatGPT outperformed human candidates in several knowledge areas. Not all examiners were able to discern between human and ChatGPT responses. Our data highlight the emergent ability of natural language processing models to demonstrate fluid reasoning in unfamiliar environments and successfully compete with human candidates that have undergone extensive specialist training."
36924908,2023,American journal of obstetrics and gynecology,Research Article,Obstetrics / Gynecology,Chat Generative Pre-trained Transformer: why we should embrace this technology.,"With the advent of artificial intelligence that not only can learn from us but also can communicate with us in plain language, humans are embarking on a brave new future. The interaction between humans and artificial intelligence has never been so widespread. Chat Generative Pre-trained Transformer is an artificial intelligence resource that has potential uses in the practice of medicine. As clinicians, we have the opportunity to help guide and develop new ways to use this powerful tool. Optimal use of any tool requires a certain level of comfort. This is best achieved by appreciating its power and limitations. Being part of the process is crucial in maximizing its use in our field. This clinical opinion demonstrates the potential uses of Chat Generative Pre-trained Transformer for obstetrician-gynecologists and encourages readers to serve as the driving force behind this resource."
37204548,2023,Annals of biomedical engineering,Letter,Surgery,GPT4: The Indispensable Helper for Neurosurgeons in the New Era.,"GPT4 is the newest multimodal language model released by OpenAI. With its powerful capabilities, GPT4 has great potential to revolutionize the healthcare industry. In this study, we proposed various ways GPT4 could display its talents in the field of neurosurgery in future. We believe that GPT4 is prone to become an indispensable assistant for neurosurgeons in the new era."
37335374,2023,Annals of biomedical engineering,Letter,Internal Medicine / Primary Care,The Rise of AI: How Artificial Intelligence is Revolutionizing Infectious Disease Control.,"Artificial Intelligence (AI) has proven to be an effective tool in predicting, detecting, and mitigating the spread of infectious diseases, especially during the COVID-19 pandemic. The technology is increasingly playing a role in preventing future health crises by predicting outbreaks, identifying high-risk areas, and aiding in vaccine development. AI can track and trace infected individuals and identify potential hotspots, help reduce the spread of infectious diseases, and monitor patient symptoms, enabling healthcare professionals to provide effective treatment."
37183438,2023,Cancer,Research Article,Oncology,ChatGPT-A promising generative AI tool and its implications for cancer care.,"Since its launch, ChatGPT has taken the internet by storm and has the potential to be used broadly in the health care system, particularly in a setting such as medical oncology. ChatGPT is well suited to review and extract key content from records of patients with cancer, interpret next-generation sequencing reports, and offer a list of potential clinical trial options."
37366774,2023,Cancer biotherapy & radiopharmaceuticals,Editorial,Oncology,Cancer Care by Committee to be Superseded by Personal Physician-Patient Partnership Informed by Artificial Intelligence.,"Multidisciplinary tumor boards (MTBs) have become the reference standard of cancer management, founded upon randomized controlled trial (RCT) evidence-based guidelines. The inordinate delays inherent in awaiting formal regulatory agency approvals of novel therapeutic agents, and the rigidities and nongeneralizability of this regimented approach, often deny cancer patients timely access to effective innovative treatment. Reluctance of MTBs to accept theranostic care of patients with advanced neuroendocrine tumors (NETs) and metastatic castrate-resistant prostate cancer resulted in decades of delay in the incorporation of 177Lu-octreotate and 177Lu-prostate-specific membrane antigen (PSMA) into routine clinical oncology practice. Recent developments in immunotherapy and molecular targeted precision therapy, based on N-of-One individual multifactorial genome analyses, have greatly increased the complexity of decision-making. Burgeoning specialist workload and tight time frames now threaten to overwhelm the logistically, and emotionally, demanding MTB system. It is hypothesized that the advent of advanced artificial intelligence technology and Chatbot natural language algorithms will shift the cancer care paradigm from a MTB management model toward a personal physician-patient shared-care partnership for real-world practice of precision individualized holistic oncology."
37686619,2023,Cancers,Review,Oncology,Artificial Intelligence in Lung Cancer Screening: The Future Is Now.,"Lung cancer has one of the worst morbidity and fatality rates of any malignant tumour. Most lung cancers are discovered in the middle and late stages of the disease, when treatment choices are limited, and patients' survival rate is low. The aim of lung cancer screening is the identification of lung malignancies in the early stage of the disease, when more options for effective treatments are available, to improve the patients' outcomes. The desire to improve the efficacy and efficiency of clinical care continues to drive multiple innovations into practice for better patient management, and in this context, artificial intelligence (AI) plays a key role. AI may have a role in each process of the lung cancer screening workflow. First, in the acquisition of low-dose computed tomography for screening programs, AI-based reconstruction allows a further dose reduction, while still maintaining an optimal image quality. AI can help the personalization of screening programs through risk stratification based on the collection and analysis of a huge amount of imaging and clinical data. A computer-aided detection (CAD) system provides automatic detection of potential lung nodules with high sensitivity, working as a concurrent or second reader and reducing the time needed for image interpretation. Once a nodule has been detected, it should be characterized as benign or malignant. Two AI-based approaches are available to perform this task: the first one is represented by automatic segmentation with a consequent assessment of the lesion size, volume, and densitometric features; the second consists of segmentation first, followed by radiomic features extraction to characterize the whole abnormalities providing the so-called ""virtual biopsy"". This narrative review aims to provide an overview of all possible AI applications in lung cancer screening."
36706908,2023,Chest,Review,Internal Medicine / Primary Care,Smart Devices Are Poised to Revolutionize the Usefulness of Respiratory Sounds.,"The association between breathing sounds and respiratory health or disease has been exceptionally useful in the practice of medicine since the advent of the stethoscope. Remote patient monitoring technology and artificial intelligence offer the potential to develop practical means of assessing respiratory function or dysfunction through continuous assessment of breathing sounds when patients are at home, at work, or even asleep. Automated reports such as cough counts or the percentage of the breathing cycles containing wheezes can be delivered to a practitioner via secure electronic means or returned to the clinical office at the first opportunity. This has not previously been possible. The four respiratory sounds that most lend themselves to this technology are wheezes, to detect breakthrough asthma at night and even occupational asthma when a patient is at work; snoring as an indicator of OSA or adequacy of CPAP settings; cough in which long-term recording can objectively assess treatment adequacy; and crackles, which, although subtle and often overlooked, can contain important clinical information when appearing in a home recording. In recent years, a flurry of publications in the engineering literature described construction, usage, and testing outcomes of such devices. Little of this has appeared in the medical literature. The potential value of this technology for pulmonary medicine is compelling. We expect that these tiny, smart devices soon will allow us to address clinical questions that occur away from the clinic."
37055885,2023,Current pharmaceutical biotechnology,Review,Oncology,Artificial Intelligence: An Emerging Intellectual Sword for Battling Carcinomas.,"Artificial Intelligence (AI) is a branch of computer science that deals with mathematical algorithms to mimic the abilities and intellectual work performed by the human brain. Nowadays, AI is being effectively utilized in addressing difficult healthcare challenges, including complex biological abnormalities, diagnosis, treatment, and clinical prognosis of various life-threatening diseases, like cancer. Deep neural networking (DNN), a subset of AI, is prominently being applied in clinical research programs on cancer. AI acts as a promising tool in radiotherapy, mammography, imaging, cancer prognosis, cancer genomics and molecular signaling, pathology, drug discovery, chemotherapy, immunotherapy, and clinical decision support system. This article provides an elaborative view concerning the application of AI in cancer, an explorative review that how AI has been used as a trenchant tool in the past, present and future of cancer. This review article provides a new prospective that how the mimic of human intellectual (AI technology) has put forward an unprecedented accuracy in the field of clinical research of cancer."
36736581,2023,Drug discovery today,Review,Medical Informatics / Digital Health,Pharma's Bio-AI revolution.,"Drug development has become unbearably slow and expensive. A key underlying problem is the clinical prediction challenge: the inability to predict which drug candidates will be safe in the human body and for whom. Recently, a dramatic regulatory change has removed FDA's mandated reliance on antiquated, ineffective animal studies. A new frontier is an integration of several disruptive technologies [machine learning (ML), patient-on-chip, real-time sensing, and stem cells], which when integrated, have the potential to address this challenge, drastically cutting the time and cost of developing drugs, and tailoring them to individual patients."
37705603,2023,Frontiers in artificial intelligence,Review,Medical Informatics / Digital Health,Artificial intelligence in clinical medicine: catalyzing a sustainable global healthcare paradigm.,"As the demand for quality healthcare increases, healthcare systems worldwide are grappling with time constraints and excessive workloads, which can compromise the quality of patient care. Artificial intelligence (AI) has emerged as a powerful tool in clinical medicine, revolutionizing various aspects of patient care and medical research. The integration of AI in clinical medicine has not only improved diagnostic accuracy and treatment outcomes, but also contributed to more efficient healthcare delivery, reduced costs, and facilitated better patient experiences. This review article provides an extensive overview of AI applications in history taking, clinical examination, imaging, therapeutics, prognosis and research. Furthermore, it highlights the critical role AI has played in transforming healthcare in developing nations."
37529703,2023,Frontiers in pharmacology,Research Article,Medical Informatics / Digital Health,Future implications of ChatGPT in pharmaceutical industry: drug discovery and development.,
37927543,2023,Health science reports,Research Article,Medical Informatics / Digital Health,The power of ChatGPT in revolutionizing rural healthcare delivery.,
38024205,2023,International journal of public health,Research Article,Multidisciplinary / Other,Using Artificial Intelligence to Advance Public Health.,
38259001,2023,"International journal of surgery (London, England)",Research Article,Medical Informatics / Digital Health,Revolutionizing clinical trials: the role of AI in accelerating medical breakthroughs.,"Clinical trials are the essential assessment for safe, reliable, and effective drug development. Data-related limitations, extensive manual efforts, remote patient monitoring, and the complexity of traditional clinical trials on patients drive the application of Artificial Intelligence (AI) in medical and healthcare organisations. For expeditious and streamlined clinical trials, a personalised AI solution is the best utilisation. AI provides broad utility options through structured, standardised, and digitally driven elements in medical research. The clinical trials are a time-consuming process with patient recruitment, enrolment, frequent monitoring, and medical adherence and retention. With an AI-powered tool, the automated data can be generated and managed for the trial lifecycle with all the records of the medical history of the patient as patient-centric AI. AI can intelligently interpret the data, feed downstream systems, and automatically fill out the required analysis report. This article explains how AI has revolutionised innovative ways of collecting data, biosimulation, and early disease diagnosis for clinical trials and overcomes the challenges more precisely through cost and time reduction, improved efficiency, and improved drug development research with less need for rework. The future implications of AI to accelerate clinical trials are important in medical research because of its fast output and overall utility."
37417554,2023,Investigative and clinical urology,Editorial,Surgery,"Unleashing the potential: Artificial intelligence in urology for enhanced diagnosis, treatment, and personalized care.",
37656938,2023,JNCI cancer spectrum,Letter,Oncology,RE: Artificial intelligence chatbots will revolutionize how cancer patients access information: ChatGPT represents a paradigm-shift.,
35695277,2023,Journal of endovascular therapy : an official journal of the International Society of Endovascular Specialists,Research Article,Cardiology,"Is the Cardiovascular Specialist Ready For the Fifth Revolution? The Role of Artificial Intelligence, Machine Learning, Big Data Analysis, Intelligent Swarming, and Knowledge-Centered Service on the Future of Global Cardiovascular Healthcare Delivery.",
37347508,2023,Journal of medical Internet research,Research Article,Medical Informatics / Digital Health,The ChatGPT (Generative Artificial Intelligence) Revolution Has Made Artificial Intelligence Approachable for Medical Professionals.,"In November 2022, OpenAI publicly launched its large language model (LLM), ChatGPT, and reached the milestone of having over 100 million users in only 2 months. LLMs have been shown to be useful in a myriad of health care-related tasks and processes. In this paper, I argue that attention to, public access to, and debate about LLMs have initiated a wave of products and services using generative artificial intelligence (AI), which had previously found it hard to attract physicians. This paper describes what AI tools have become available since the beginning of the ChatGPT revolution and contemplates how it they might change physicians' perceptions about this breakthrough technology."
37751243,2023,Journal of medical Internet research,Research Article,Medical Informatics / Digital Health,A Future of Smarter Digital Health Empowered by Generative Pretrained Transformer.,"Generative pretrained transformer (GPT) tools have been thriving, as ignited by the remarkable success of OpenAI's recent chatbot product. GPT technology offers countless opportunities to significantly improve or renovate current health care research and practice paradigms, especially digital health interventions and digital health-enabled clinical care, and a future of smarter digital health can thus be expected. In particular, GPT technology can be incorporated through various digital health platforms in homes and hospitals embedded with numerous sensors, wearables, and remote monitoring devices. In this viewpoint paper, we highlight recent research progress that depicts the future picture of a smarter digital health ecosystem through GPT-facilitated centralized communications, automated analytics, personalized health care, and instant decision-making."
36869942,2023,Journal of medical systems,Editorial,Medical Informatics / Digital Health,Artificial Intelligence in Medicine & ChatGPT: De-Tether the Physician.,
37975946,2023,Journal of medical systems,Letter,Medical Informatics / Digital Health,Applications of Artificial Intelligence in Health Care Delivery.,"Health care costs now comprise nearly one-fifth of the United States' gross domestic product, with the last 25 years marked by rising administrative costs, a lack of labor productivity growth, and rising patient and physician dissatisfaction. Policy experts have responded with a series of reforms that have - ironically - increased patient and physician administrative burden with little meaningful effect on cost and quality. Artificial intelligence (AI), a topic of great consternation, can serve as the ""wheat thresher"" for health care delivery, empowering and freeing both patients and physicians by decreasing administrative burden and improving labor productivity. In this Viewpoint, we discuss three principal areas where AI poses an unprecedented opportunity to reduce cost, improve care, and markedly enhance the patient and physician experience: (1) automation of administrative process, (2) augmentation of clinical practice, and (3) automation of elements of clinical practice."
37623465,2023,Journal of personalized medicine,Review,Medical Informatics / Digital Health,Advancing Patient Care: How Artificial Intelligence Is Transforming Healthcare.,"Artificial Intelligence (AI) has emerged as a transformative technology with immense potential in the field of medicine. By leveraging machine learning and deep learning, AI can assist in diagnosis, treatment selection, and patient monitoring, enabling more accurate and efficient healthcare delivery. The widespread implementation of AI in healthcare has the role to revolutionize patients' outcomes and transform the way healthcare is practiced, leading to improved accessibility, affordability, and quality of care. This article explores the diverse applications and reviews the current state of AI adoption in healthcare. It concludes by emphasizing the need for collaboration between physicians and technology experts to harness the full potential of AI."
37459906,2023,Journal of the American College of Radiology : JACR,Review,Medical Informatics / Digital Health,The Diagnostic Cockpit of the Future.,"The integration of digital data from imaging, pathology, genomics, and other fields creates an opportunity to produce information-rich diagnoses, especially for complex patients. Technology exists today to create a ""diagnostic cockpit"" that can accept inputs from multiple sources, analyze them using artificial intelligence and other quantitative tools, and produce a precision diagnosis. Although barriers to creation and dissemination of such a cockpit exist, the metaphor provides a glimpse into the diagnostic processes of the future."
36427077,2023,"Knee surgery, sports traumatology, arthroscopy : official journal of the ESSKA",Review,Surgery,A practical guide to the development and deployment of deep learning models for the Orthopedic surgeon: part I.,"Deep learning has a profound impact on daily life. As Orthopedics makes use of this rapid escalation in technology, Orthopedic surgeons will need to take leadership roles on deep learning projects. Moreover, surgeons must possess an understanding of what is necessary to design and implement deep learning-based project pipelines. This review provides a practical guide for the Orthopedic surgeon to understand the steps needed to design, develop, and deploy a deep learning pipeline for clinical applications. A detailed description of the processes involved in defining the problem, building the team, acquiring and curating the data, labeling the data, establishing the ground truth, pre-processing and augmenting the data, and selecting the required hardware is provided. In addition, an overview of unique considerations involved in the training and evaluation of deep learning models is provided. This review strives to provide surgeons with the groundwork needed to identify gaps in the clinical landscape that deep learning models may be able to fill and equips them with the knowledge needed to lead an interdisciplinary team through the process of creating novel deep-learning-based solutions to fill those gaps."
36841609,2023,"Lancet (London, England)",Letter,Medical Informatics / Digital Health,The promise of large language models in health care.,
36918736,2023,Nature medicine,Editorial,Medical Informatics / Digital Health,Will ChatGPT transform healthcare?,
38036704,2023,Nature medicine,Research Article,Medical Informatics / Digital Health,Six ways large language models are changing healthcare.,
37757713,2023,Nurse education today,Research Article,Nursing,"A holistic approach to remote patient monitoring, fueled by ChatGPT and Metaverse technology: The future of nursing education.","ChatGPT and Metaverse are contemporary artificial intelligence tools that are increasingly being used in healthcare professional training, particularly for remote patient monitoring. These technologies offer immersive and personalized learning experiences for nurses, improving their skills and confidence in managing remote patient care. ChatGPT can create simulated patient interactions that mimic real-life scenarios, while the Metaverse can provide virtual reality simulations and scenarios for nurses to practice and learn in a safe and controlled environment. The unification of ChatGPT and Metaverse technology in nursing education can enrich the learning experience and equip nurses with the necessary skills for remote patient monitoring, ultimately leading to improved patient outcomes and quality of care."
37389584,2023,Postgraduate medical journal,Review,Surgery,Artificial intelligence in orthopaedics surgery: transforming technological innovation in patient care and surgical training.,"Artificial intelligence (AI) is an exciting field combining computer science with robust data sets to facilitate problem-solving. It has the potential to transform education, practice and delivery of healthcare especially in orthopaedics. This review article outlines some of the already used AI pathways as well as recent technological advances in orthopaedics. Additionally, this article further explains how potentially these two entities could be combined in the future to improve surgical education, training and ultimately patient care and outcomes."
37489981,2023,Radiology,Research Article,Radiology / Diagnostic Imaging,A Context-based Chatbot Surpasses Trained Radiologists and Generic ChatGPT in Following the ACR Appropriateness Guidelines.,"Background Radiological imaging guidelines are crucial for accurate diagnosis and optimal patient care as they result in standardized decisions and thus reduce inappropriate imaging studies. Purpose In the present study, we investigated the potential to support clinical decision-making using an interactive chatbot designed to provide personalized imaging recommendations from American College of Radiology (ACR) appropriateness criteria documents using semantic similarity processing. Methods We utilized 209 ACR appropriateness criteria documents as specialized knowledge base and employed LlamaIndex, a framework that allows to connect large language models with external data, and the ChatGPT 3.5-Turbo to create an appropriateness criteria contexted chatbot (accGPT). Fifty clinical case files were used to compare the accGPT's performance against general radiologists at varying experience levels and to generic ChatGPT 3.5 and 4.0. Results All chatbots reached at least human performance level. For the 50 case files, the accGPT performed best in providing correct recommendations that were ""usually appropriate"" according to the ACR criteria and also did provide the highest proportion of consistently correct answers in comparison with generic chatbots and radiologists. Further, the chatbots provided substantial time and cost savings, with an average decision time of 5 minutes and a cost of 0.19 € for all cases, compared to 50 minutes and 29.99 € for radiologists (both p < 0.01). Conclusion ChatGPT-based algorithms have the potential to substantially improve the decision-making for clinical imaging studies in accordance with ACR guidelines. Specifically, a context-based algorithm performed superior to its generic counterpart, demonstrating the value of tailoring AI solutions to specific healthcare applications."
37574841,2023,Technology in cancer research & treatment,Editorial,Oncology,Novel Applications of Artificial Intelligence in Cancer Research.,"Cutting-edge developments in machine learning and deep learning are improving all aspects of cancer research and treatment. Nowadays, the applications of artificial intelligence, machine learning, and deep learning to clinical aspects of cancer research have received more attention from scholars, with particular emphasis on diagnosis, prognosis, detection, and treatment."
37699445,2023,The American journal of the medical sciences,Letter,Medical Education,Revolutionizing clinical experimental protocol design through the ChatGPT technology.,
37465322,2023,The Lancet regional health. Europe,Editorial,Medical Informatics / Digital Health,Embracing generative AI in health care.,
35101642,2023,Trends in cardiovascular medicine,Review,Cardiology,Successfully implemented artificial intelligence and machine learning applications in cardiology: State-of-the-art review.,"The omnipresence and deep impact of artificial intelligence (AI) in today's society are undeniable. While the technology has already established itself as a powerful tool in several industries, more recently it has also started to change the practice of medicine. The aim of this review is to provide healthcare providers working in the field of cardiovascular medicine with an overview of AI and machine learning (ML) algorithms that have passed the initial tests and made it into contemporary clinical practice. The following domains where AI/ML could revolutionize cardiology are covered: (i) signal processing, (ii) image processing, (iii) clinical risk stratification, (iv) natural language processing, and (v) fundamental clinical discoveries."
37750962,2023,World journal of urology,Letter,Medical Informatics / Digital Health,Generative AI: in rescue of healthcare reformation.,
